"","baseMean","log2FoldChange","lfcSE","stat","pvalue","padj"
"ENSG00000069812.11",2819.58584024833,2.30128982255442,0.278918689817154,8.25075517192139,1.57396712264847e-16,2.8920112793806e-14
"ENSG00000007968.6",3694.86095319631,-2.62511491293,0.391398121817808,-6.70701969835195,1.98639457606165e-11,1.64348014398364e-09
"ENSG00000158055.15",1607.86806554276,2.92067441364141,0.436190428182083,6.69587002588282,2.14392216373168e-11,1.75330698106796e-09
"ENSG00000117632.22",23060.3966381744,-1.62404140702546,0.175256104974411,-9.26667523087188,1.92038679328748e-20,6.62673959791008e-18
"ENSG00000092853.13",4393.4754842096,-2.26377990548045,0.300664147214736,-7.52926455133225,5.10269065658186e-14,6.62319884489176e-12
"ENSG00000134690.10",5257.42823901106,-2.85183888367901,0.580481768231446,-4.91288278074212,8.97469377910182e-07,2.82164372414961e-05
"ENSG00000117399.13",9786.72133032526,-3.03415448907844,0.522956249238117,-5.80192796911563,6.55567248486761e-09,3.26583289844743e-07
"ENSG00000142945.12",9403.46805095063,-2.79169044486391,0.530161303917025,-5.26573785042002,1.39627411357353e-07,5.32465934200493e-06
"ENSG00000197587.10",1618.86099488412,-2.13623012379403,0.41498780304306,-5.14769375901963,2.63708553786894e-07,9.32737154744243e-06
"ENSG00000123473.15",5564.93677456798,-2.14235454111941,0.324734355648817,-6.5972525045556,4.18847072241241e-11,3.20316128544274e-09
"ENSG00000085840.12",4895.08368950446,-2.15839953917419,0.579238049613972,-3.72627374982123,0.000194331345682227,0.00314576645161574
"ENSG00000024526.16",5573.24069591669,-2.66372174700917,0.524595931329783,-5.07766375590634,3.82104138460375e-07,1.32825782578314e-05
"ENSG00000263513.5",1745.00861111977,-2.54390377460692,0.567976083980047,-4.47889241529453,7.5031335162672e-06,0.000185909514865409
"ENSG00000203814.6",58664.4016890917,-2.19407478179843,0.25377795004601,-8.64564782480369,5.35008867743813e-18,1.2014770572761e-15
"ENSG00000270882.2",56053.0016538681,-1.60732588507584,0.215739874639933,-7.45029581461676,9.31311739249904e-14,1.1166269904159e-11
"ENSG00000203811.1",35903.710088632,-2.64423628188234,0.356785191893948,-7.41128371344605,1.25082665886652e-13,1.46253682393749e-11
"ENSG00000203812.2",78040.6647609385,-1.6764897551273,0.191647130507716,-8.74779471357543,2.17562590928959e-18,5.40013252011037e-16
"ENSG00000184678.10",40356.9097439708,-1.98594791745475,0.228784634631768,-8.68042524206735,3.94291822604566e-18,9.17308035926757e-16
"ENSG00000184270.4",14627.7603132988,-1.98800637044292,0.219667403006264,-9.05007453648566,1.42870782739075e-19,4.39420833520094e-17
"ENSG00000183856.10",16119.7341357582,-2.71526684093093,0.42027471965712,-6.46069514518069,1.0422309422369e-10,7.56178634398338e-09
"ENSG00000235750.9",1579.7473392983,-1.57072473285235,0.436967469849328,-3.59460335432739,0.00032488615632652,0.00494246165559958
"ENSG00000066279.17",58606.7996505036,-1.82445209970469,0.246962179946403,-7.38757691603082,1.49528637626743e-13,1.71994403670176e-11
"ENSG00000118193.11",8691.15792009183,-3.16514256390437,0.486431358127147,-6.5068637352879,7.67359585809354e-11,5.71400180001618e-09
"ENSG00000077152.9",4063.00627075518,-1.50476144195783,0.318097166807137,-4.73050878466381,2.23957834808549e-06,6.31186343998276e-05
"ENSG00000159388.5",14074.5831263164,2.1256078164236,0.158443181863085,13.4155840057567,4.90057351261979e-41,1.3866662811309e-37
"ENSG00000196550.10",2024.89428659541,-2.89202103223076,0.541890284865153,-5.33691249502734,9.4542637987136e-08,3.78920465224363e-06
"ENSG00000117650.12",5812.80992398041,-3.35336552765088,0.622043595067154,-5.39088506696844,7.01115074551648e-08,2.9260696385713e-06
"ENSG00000143476.17",7591.69753243477,-2.43879007844461,0.42743275454125,-5.70566961126339,1.1588659293858e-08,5.55784243015266e-07
"ENSG00000117724.12",48292.4346743737,-3.03325097781701,0.458740427443099,-6.61212920501377,3.78831119289575e-11,2.96116169928669e-09
"ENSG00000196890.4",4341.63751833532,-2.07051021764702,0.397659972461281,-5.20673530411368,1.92191939134198e-07,6.95436849895382e-06
"ENSG00000119283.15",961.742651618281,-1.67610713803636,0.486311023573053,-3.44657442827755,0.000567742153723428,0.00782124244486763
"ENSG00000174371.16",5248.51378653526,-2.12669253159372,0.34055460674503,-6.24479155316771,4.24365664442632e-10,2.70447091015061e-08
"ENSG00000065328.16",5971.69225186501,-2.46879126638177,0.28066580675562,-8.79619535746078,1.41533101675367e-18,3.57573271875552e-16
"ENSG00000122952.16",8872.75848972301,-2.39573792428498,0.472668875502877,-5.06853327656943,4.00892902686454e-07,1.38337385053852e-05
"ENSG00000170312.15",12191.1546247022,-2.56548491100184,0.434801676738031,-5.90035652633316,3.62716916227898e-09,1.95122392805791e-07
"ENSG00000227268.3",2628.58962932997,1.52264561928016,0.359273312094827,4.23812615081821,2.25393118007731e-05,0.000497482345331261
"ENSG00000107796.13",21605.9197782695,2.04031067938706,0.159620745375699,12.7822400188947,2.06048394751058e-37,3.64396586117246e-34
"ENSG00000026103.21",9132.57968576741,1.96081793534235,0.219221793151338,8.94444802752214,3.73813223464167e-19,1.07932846644307e-16
"ENSG00000138182.14",11733.870984217,-1.52384615201243,0.23156558414876,-6.58062448102604,4.68476420552134e-11,3.56344322471591e-09
"ENSG00000138160.5",23174.5804197349,-2.59305642430775,0.371457839259787,-6.98075568811522,2.93596493320588e-12,2.84507067636964e-10
"ENSG00000138180.15",7446.63392502477,-2.99780326254905,0.228245305287636,-13.1341289091191,2.09892823828651e-39,4.94927278587958e-36
"ENSG00000095585.16",755.763520404608,1.83052356885309,0.60969771806287,3.00234610467138,0.00267907393175759,0.0266550900045755
"ENSG00000148773.13",96542.9685933299,-3.09640679352137,0.418333234707456,-7.40177097257577,1.34380125695963e-13,1.55836886749712e-11
"ENSG00000130649.9",1338.26961855818,1.50960879560268,0.520042753500684,2.90285516996573,0.00369777599805461,0.0339900062775207
"ENSG00000132274.15",5824.71271545804,2.33013990480397,0.332619952481482,7.00541229538447,2.46259559441238e-12,2.41950017151016e-10
"ENSG00000129173.12",2700.97987879396,-3.56420246973985,0.453281273319791,-7.86311431671543,3.74698765389204e-15,5.63961503481538e-13
"ENSG00000121621.6",11061.1473422103,-1.95238767651243,0.238215019860337,-8.19590501747997,2.48714679004528e-16,4.45419655513426e-14
"ENSG00000149503.12",23162.409207415,-1.71318587498604,0.174465851475714,-9.81960573083562,9.27054090460804e-23,4.6842718827998e-20
"ENSG00000146670.9",6978.04719263875,-2.6654232728503,0.293960357883181,-9.06728816104357,1.22015898180741e-19,3.83617983880251e-17
"ENSG00000165490.12",1886.0183452115,-2.96242064372327,0.525351317226779,-5.63893255157574,1.71107536720732e-08,7.9371456705735e-07
"ENSG00000160588.9",863.81333465115,1.79056363768558,0.639526083351483,2.79982894255383,0.00511296930332384,0.043135533514267
"ENSG00000188486.3",21985.5438792088,-1.58562477404879,0.156863511537879,-10.1083085448198,5.07529236953203e-24,2.99188485183913e-21
"ENSG00000154146.12",623.294553399902,-2.13625856977564,0.717654799847901,-2.97672163584553,0.00291348408981715,0.0283949522806769
"ENSG00000111206.12",16061.3036789217,-2.20960744138969,0.341148291675279,-6.47697055887033,9.35824436379481e-11,6.86012649010202e-09
"ENSG00000111247.14",2033.9409648685,-2.21563836030623,0.435037938080633,-5.09297733912937,3.52483842647918e-07,1.22831069107949e-05
"ENSG00000111665.11",5595.33783369745,-2.54534962705929,0.338628909306928,-7.51663415940729,5.62044035617041e-14,7.16378289721613e-12
"ENSG00000166523.7",919.730021215412,1.56066945599062,0.54460180644591,2.86570745362672,0.00416078553298579,0.0370464403528527
"ENSG00000135451.12",5819.89099164003,-3.04681978477293,0.547889900483988,-5.56100738867694,2.68221839967658e-08,1.19333414838441e-06
"ENSG00000161800.12",20244.325993924,-1.73262602309987,0.332766412077554,-5.20673349297065,1.92193814185111e-07,6.95436849895382e-06
"ENSG00000135476.11",9532.03437136227,-3.37692411777567,0.691770142472795,-4.8815696290455,1.05244748764582e-06,3.23918284918834e-05
"ENSG00000166881.9",13011.6320398166,-1.62306552934107,0.22939294739976,-7.07548138571401,1.48930852307053e-12,1.5268649988697e-10
"ENSG00000135679.22",175911.193634851,1.62032962355643,0.0785468885698583,20.6288199705751,1.51297106689509e-94,1.07027573272158e-90
"ENSG00000165891.15",3535.7732467027,-2.11180094962794,0.379027821054192,-5.5716251745172,2.5237393725507e-08,1.13060119303706e-06
"ENSG00000185480.11",3764.42854536913,-1.9981932892945,0.379773927901686,-5.26153361905291,1.42858760644925e-07,5.40418648557326e-06
"ENSG00000122966.15",30431.8210498597,-3.05639308812503,0.449826012934657,-6.79461169483102,1.08604646858004e-11,9.42661683280389e-10
"ENSG00000165480.15",1788.86173431306,-2.2576474953582,0.437082358105395,-5.16526794891549,2.40094726868756e-07,8.55632291118177e-06
"ENSG00000139618.14",5326.69387467614,-1.73068218712871,0.33457020766664,-5.17285205756616,2.30547552091391e-07,8.25768801769365e-06
"ENSG00000133119.12",4543.50160039524,-1.65264173753815,0.355798917653117,-4.64487567426886,3.40281312593103e-06,9.06647836265012e-05
"ENSG00000197168.11",1337.71905639066,1.52953076405006,0.411466488556701,3.71726691380188,0.000201389644142064,0.00324887193309228
"ENSG00000139734.17",6605.91102661963,-2.66585771114572,0.274169579076232,-9.72338988201345,2.39666941842181e-22,1.09380899780102e-19
"ENSG00000100479.12",2665.1586864784,-1.76000211514196,0.477581474884829,-3.68523949880258,0.000228487678957639,0.00361998172664353
"ENSG00000100526.19",5971.05457242655,-1.86744509886635,0.290456414639957,-6.42934707150879,1.28153216321762e-10,9.20361271330096e-09
"ENSG00000126787.12",9788.74493516729,-3.35896894063132,0.756196773126397,-4.4419244567047,8.91578640099917e-06,0.00021525690443914
"ENSG00000187951.10",11843.9313616843,-1.86453627166951,0.426535423431574,-4.37135152027678,1.23479808265306e-05,0.00028971680387024
"ENSG00000198826.10",18800.7137418881,-2.28139358545678,0.430125688226435,-5.30401612343546,1.13282300506409e-07,4.46439550853672e-06
"ENSG00000156970.12",8656.07834947495,-2.62072661470863,0.634684727514975,-4.12917863168024,3.64061477431683e-05,0.000755240730601679
"ENSG00000137812.19",9525.71443814585,-2.52462021947736,0.476186555518706,-5.30174611235573,1.14700283827008e-07,4.49523439220085e-06
"ENSG00000051180.16",1892.52094218823,-2.55692210234775,0.507821167064351,-5.03508374243042,4.77639978019845e-07,1.61666277727865e-05
"ENSG00000137804.12",17474.3317603693,-2.21181437411409,0.487915684169314,-4.53318974133768,5.80995809818597e-06,0.000146784441380598
"ENSG00000092470.11",5208.51569935765,-2.05745727658566,0.258543688248315,-7.95787083616445,1.75024921024314e-15,2.72115668423296e-13
"ENSG00000157456.7",17835.8605445281,-1.74290640716102,0.367440315363759,-4.74337282623868,2.10188916213885e-06,5.95942442203216e-05
"ENSG00000166803.11",8024.70415205047,-2.70576238030404,0.251821945351266,-10.7447441744197,6.27355995006731e-27,4.22658696064535e-24
"ENSG00000174442.11",6145.38022880106,-2.09546194031192,0.278152514143921,-7.5334999101525,4.93980466858664e-14,6.4711441158485e-12
"ENSG00000137807.13",20160.7937369747,-2.31490161541142,0.392212936819662,-5.90215517668098,3.58783453200891e-09,1.93743064728481e-07
"ENSG00000103723.12",753.702500239539,1.75851165782651,0.640856124581625,2.74400382609206,0.00606948305020681,0.0486246014690408
"ENSG00000140525.17",33183.3274537892,-1.98252225233448,0.343832282298015,-5.76595728325515,8.11956249696283e-09,3.98873507663299e-07
"ENSG00000140534.13",17581.7340301061,-1.55331296751664,0.181223903663601,-8.57123666423167,1.02379600990563e-17,2.19464635577953e-15
"ENSG00000197299.10",3851.31163015103,-2.85024568961817,0.607578182808438,-4.69115871877319,2.71662119528361e-06,7.46305954774225e-05
"ENSG00000198901.13",32931.9244379149,-2.35588034448171,0.397290355625658,-5.92987046154603,3.03173761113624e-09,1.64973168162906e-07
"ENSG00000206172.8",2907.88659173889,4.48846782043064,1.37897410107832,3.25493264661083,0.0011341926054887,0.0136682768164005
"ENSG00000162063.12",13722.9341903835,-2.19110678693155,0.38421047006069,-5.70288151331599,1.17798869199923e-08,5.63046757243414e-07
"ENSG00000127564.16",6676.05092647146,-1.76501892366777,0.212073786668868,-8.32266425469956,8.60078135410506e-17,1.62245139463838e-14
"ENSG00000175643.8",2893.83531319778,-2.00402599188873,0.334576519452555,-5.98973889491046,2.10178193137957e-09,1.17533639387977e-07
"ENSG00000166851.14",20262.7957397853,-2.61321679833749,0.547086015818284,-4.77661048314106,1.78274622968841e-06,5.21121769785777e-05
"ENSG00000079616.12",17406.4050855399,-1.61476302980475,0.334192489612379,-4.83183518479924,1.35280226717801e-06,4.04639460381277e-05
"ENSG00000171241.8",6279.91546007968,-3.19187872505353,0.54767084003306,-5.82809690006656,5.60630243821741e-09,2.85316427683093e-07
"ENSG00000102935.11",734.085698890234,1.87448521948144,0.635510806905917,2.9495725314376,0.00318213870255502,0.0303171032752514
"ENSG00000277639.2",2640.73019067575,1.67345036054365,0.368525673049924,4.54093291979945,5.60058503954515e-06,0.000142769508359432
"ENSG00000131153.8",5635.95667634081,-1.96567357899806,0.335458712696818,-5.85965874368152,4.63819321178543e-09,2.43041324297556e-07
"ENSG00000132517.14",1289.16603567295,2.69949592598422,0.59593729448624,4.52983216684142,5.90305598209274e-06,0.000148870652468179
"ENSG00000178999.12",8950.16455220337,-2.99991802986505,0.493079164229842,-6.08404947418682,1.17184418192276e-09,6.96607205287531e-08
"ENSG00000076382.16",17537.8997169513,-2.73955737367081,0.338991019603451,-8.08150427369883,6.39726855183334e-16,1.07748280323021e-13
"ENSG00000094804.9",7730.33873796784,-2.64648863552416,0.269356488589064,-9.8252269673804,8.76763067253852e-23,4.59423847241019e-20
"ENSG00000131747.14",97791.6593624268,-2.82497044687099,0.427869806223868,-6.60240663346299,4.04536055587271e-11,3.110530496983e-09
"ENSG00000012048.20",15047.7186156492,-2.03012599587693,0.323166095268908,-6.28198943390904,3.34267570775082e-10,2.19963608898877e-08
"ENSG00000161692.17",5583.27283377234,-1.66710051000892,0.324980625557385,-5.12984583973158,2.89979557461129e-07,1.02042348442117e-05
"ENSG00000186185.13",13886.4105246835,-3.484484470036,0.543610178706038,-6.40989555848671,1.4561935846725e-10,1.02498640974859e-08
"ENSG00000154920.14",5705.24320465661,-1.50684762780576,0.282549780177576,-5.33303415369405,9.658513646287e-08,3.86013138609233e-06
"ENSG00000005379.15",420.62949989955,2.13875235292954,0.771272378795159,2.773018212153,0.00555390123798117,0.0458172563935613
"ENSG00000068489.12",16733.7242755638,-2.99684776059443,0.556153974174751,-5.38852170397829,7.1039585028176e-08,2.93879546484981e-06
"ENSG00000136492.8",7278.78548759169,-1.65142292499133,0.264356377254521,-6.24695701364279,4.18526182068305e-10,2.69150382904654e-08
"ENSG00000182481.8",85225.4853586624,-1.5320105873124,0.241878407293621,-6.33380467671371,2.39188281709786e-10,1.63479990803384e-08
"ENSG00000161544.9",4124.46369944777,2.88104889379426,0.304197117824372,9.47099339533396,2.77194823272184e-21,1.03204009464602e-18
"ENSG00000214140.10",1264.75757030599,2.09172681621678,0.618478757545364,3.38205118720404,0.00071946737043599,0.00944250867989646
"ENSG00000167900.11",13346.3255817771,-2.4360432566695,0.373467514031555,-6.52277149991599,6.90199712608755e-11,5.17968312117253e-09
"ENSG00000089685.14",13192.8404648688,-3.04360211468028,0.534243492551937,-5.69703170391802,1.21911264291352e-08,5.78356201162732e-07
"ENSG00000182612.10",1090.54172032163,1.54881272448774,0.541549617727362,2.85996457903045,0.00423688328102284,0.0375350185722674
"ENSG00000080986.12",2439.50080499192,-2.97173134563627,0.437467772516034,-6.79302918371513,1.098031568452e-11,9.47253087223102e-10
"ENSG00000154839.9",2023.77164869825,-3.29464463873545,0.486903409333493,-6.76652612321072,1.3191123117477e-11,1.13107884767312e-09
"ENSG00000171791.12",1881.0980407623,-1.69339666230937,0.395087026865745,-4.2861358312451,1.81807848744456e-05,0.000410242016592752
"ENSG00000276043.4",11560.0554464349,-2.14434398925056,0.247042064966199,-8.68007636490554,3.95503182015353e-18,9.17308035926757e-16
"ENSG00000129355.6",1144.24321444478,-1.54023394050594,0.555927521598231,-2.77056609120184,0.00559589424391356,0.0459226866374067
"ENSG00000161888.11",9116.04875628768,-2.6756010224852,0.273781299293078,-9.77276764115659,1.47370222094181e-22,7.18963414547747e-20
"ENSG00000105011.8",4476.88781090329,-2.46704537572225,0.863701384975664,-2.85636380656234,0.00428523805329874,0.0378449113471102
"ENSG00000130513.6",12824.1312454331,1.58080685644923,0.197062072053509,8.02187270222141,1.0414504058113e-15,1.69361383234692e-13
"ENSG00000075702.16",14225.7657154843,-2.77794069018452,0.504931046711063,-5.50162385196754,3.76309124542457e-08,1.63313542761555e-06
"ENSG00000187994.13",5149.50759077688,1.59430159291496,0.304181797799061,5.24127874991434,1.59467603060828e-07,6.00039268112925e-06
"ENSG00000216588.8",1083.81406376083,1.54938767564249,0.524375526644142,2.95472919104013,0.00312943613752151,0.0299157178876042
"ENSG00000225950.8",2510.60550889744,1.6031785507928,0.387925176187899,4.13270045153314,3.58525852678427e-05,0.000745944671131527
"ENSG00000142539.9",4043.51882063974,-2.06849184378039,0.346411771057069,-5.97119386985154,2.35523663073202e-09,1.30674070006261e-07
"ENSG00000171848.13",25728.093883489,-2.95889265181985,0.384695390001767,-7.69152095065722,1.45396118327189e-14,1.97794642508949e-12
"ENSG00000115163.14",5146.05416753501,-3.1293412838971,0.2694360586253,-11.6144115968123,3.48177029647264e-31,3.07875538465593e-28
"ENSG00000121152.9",7186.76384920881,-3.02613155261445,0.442071025678054,-6.84535148616205,7.6288327173827e-12,6.7882217160711e-10
"ENSG00000169679.14",14605.6882724953,-3.09467917175247,0.415989560950601,-7.43931930570722,1.01205428895561e-13,1.20323899833143e-11
"ENSG00000144152.12",891.713472240915,-1.57380682757311,0.554770474853812,-2.8368611865796,0.00455594150699799,0.0395202087314577
"ENSG00000169607.12",4451.63693034951,-3.36593053293161,0.378100791939557,-8.90220439810579,5.4748330536641e-19,1.51878309888705e-16
"ENSG00000152253.8",1653.98733011532,-2.04892518690543,0.519507948439403,-3.94397274009065,8.01427721896793e-05,0.00149783347548161
"ENSG00000163535.17",7268.8874544432,-1.67564782615891,0.197236077591619,-8.49564565783127,1.96835638115252e-17,4.09533912949205e-15
"ENSG00000144452.14",15814.0030875308,1.84490802959959,0.168370130643266,10.957454404478,6.1196546791072e-28,4.55688812631624e-25
"ENSG00000123999.4",1057.01637454977,1.91083179725109,0.561806074084148,3.40123022052781,0.000670833061289193,0.00889498233469495
"ENSG00000168918.13",1571.98532309997,3.36731449132798,0.646875862569495,5.20550338352781,1.93471421952952e-07,6.982738973955e-06
"ENSG00000123485.11",38298.4310322701,-1.71748608619224,0.325596928860351,-5.27488417106316,1.3283996254998e-07,5.12103485056435e-06
"ENSG00000204099.11",1077.41545145547,1.73598106587906,0.62106653832141,2.79516116030174,0.0051873848520489,0.0435681607234395
"ENSG00000125898.12",1442.02057861639,-2.04206609153777,0.351517566323006,-5.80928604194231,6.27398169914239e-09,3.13654745863839e-07
"ENSG00000101003.9",10613.261352969,-1.65933133637809,0.190646485576814,-8.70370797215418,3.21212939298478e-18,7.70257739863536e-16
"ENSG00000088325.15",36315.6257431526,-2.77181646370499,0.531423116456788,-5.21583720743239,1.829888350914e-07,6.72448321785227e-06
"ENSG00000101412.12",6132.27282003242,-1.63124367597313,0.3271786206974,-4.98578932968188,6.17093564416558e-07,2.02567047549082e-05
"ENSG00000149636.15",5192.5373480019,-1.58578964146156,0.279214245590411,-5.67947254305859,1.35110735615528e-08,6.32962479300823e-07
"ENSG00000132821.11",2652.3828410081,1.58728013407311,0.325346620166535,4.87873558748092,1.06768081944337e-06,3.26959918473697e-05
"ENSG00000101447.14",6787.27037056284,-2.66762527519773,0.474375201054338,-5.62345010714877,1.87180842556104e-08,8.54269213059278e-07
"ENSG00000101057.15",19317.9577120158,-3.12646308665024,0.465540287013711,-6.71577342254412,1.87071285655255e-11,1.56608553221926e-09
"ENSG00000175063.16",5273.86553299086,-2.86065426767927,0.727105762506529,-3.93430284174591,8.34385263227984e-05,0.00155327404001967
"ENSG00000087586.17",11279.3770296382,-2.56825715559642,0.427344763203434,-6.00980139862817,1.85750732671437e-09,1.05967797009496e-07
"ENSG00000160298.17",5601.92546520993,-1.50092908562532,0.240576437191611,-6.23888649755787,4.40696601605469e-10,2.78347121406883e-08
"ENSG00000093072.15",1219.82382768226,1.59898536292796,0.406089450722523,3.93752007121341,8.23280475437247e-05,0.00153462083879923
"ENSG00000179750.15",3492.89588634612,-3.20200878243338,0.337791806459787,-9.47923756941266,2.56147740117272e-21,9.79453574913287e-19
"ENSG00000075218.18",4467.049907144,-3.53461782306374,0.300528677534455,-11.7613329019441,6.17516500252039e-32,6.24044531826132e-29
"ENSG00000144554.10",11377.9178377253,-2.21926864939808,0.460210012729265,-4.82229544776038,1.41915532879202e-06,4.23590919657164e-05
"ENSG00000129810.14",3223.05838090379,-2.63434312214467,0.832514309610806,-3.16432173205071,0.00155444856292,0.0175098234619364
"ENSG00000163808.16",3838.6810867684,-2.40718148105007,0.415512533432332,-5.79328248215669,6.90238651432811e-09,3.42648997911278e-07
"ENSG00000164087.7",2866.00028285266,-2.13220677252642,0.466828185169711,-4.56743367316452,4.93731833347964e-06,0.000127514419365189
"ENSG00000163507.13",5727.50586942737,-1.61518659377522,0.510591887456293,-3.16336125476237,0.0015595867115828,0.0175537253742827
"ENSG00000051341.13",8925.80684969057,-2.50492914705684,0.466127174902986,-5.37391785316569,7.70439681707593e-08,3.13223580942501e-06
"ENSG00000221955.10",760.602056344757,2.32398698009287,0.739206618472235,3.14389363138549,0.00166716027222522,0.0185141158017601
"ENSG00000073111.13",22784.736538041,-1.86503266592052,0.376920145781689,-4.94808432712625,7.49474402825669e-07,2.40990087526763e-05
"ENSG00000172667.10",52739.4828492059,1.62142696180075,0.107409309955621,15.0957767298821,1.72642834962327e-51,8.14183609682336e-48
"ENSG00000145107.15",1066.11126514391,2.01649058467413,0.65359490423011,3.0852299667933,0.002033948229982,0.0215714389488646
"ENSG00000109805.9",9192.87488733287,-2.17678034098847,0.264786997951847,-8.22087322197116,2.02026742645384e-16,3.66445430121397e-14
"ENSG00000163071.10",6912.32482138048,2.50402753734775,0.216714646467189,11.554491485313,7.00609585696516e-31,5.83072024613783e-28
"ENSG00000138778.11",7650.55315846695,-2.45403124097672,0.24877713541496,-9.86437614889082,5.94025561825129e-23,3.36170945948077e-20
"ENSG00000164109.13",6322.81169066402,-1.71152577550102,0.254202662208952,-6.73291837555252,1.66293362555549e-11,1.4088134691233e-09
"ENSG00000145386.9",8795.62265592855,-2.6354914412087,0.413701074807209,-6.37052113639511,1.88386977532283e-10,1.30651909712095e-08
"ENSG00000142731.10",3581.13110893419,-2.24463961375373,0.29952566819883,-7.49398082391958,6.6815490108668e-14,8.22004829615161e-12
"ENSG00000196104.10",803.273622961452,-1.75017216472253,0.557031186802737,-3.14196441094836,0.00167818432928059,0.018585249171932
"ENSG00000164104.11",11168.8558251185,-1.70164045973528,0.531882305865949,-3.19928006810618,0.00137771259500882,0.0159247367599549
"ENSG00000151725.11",2300.93683208314,-2.52827234430157,0.421262400232125,-6.00165678899527,1.95314212473238e-09,1.10532219122855e-07
"ENSG00000179046.8",3386.92080850709,1.85996487547315,0.30908730227743,6.0176036406817,1.77017979224384e-09,1.01806925612463e-07
"ENSG00000071539.13",5631.79184378855,-2.61343499710974,0.277050804039048,-9.43305328484591,3.98321778822059e-21,1.4449888530191e-18
"ENSG00000035499.12",3164.57585504286,-2.44464912440575,0.41344735028369,-5.91284264545011,3.36253381503522e-09,1.82272522663288e-07
"ENSG00000123219.12",2853.54035166051,-1.77688794584349,0.464405058246981,-3.82615975922144,0.000130157836690401,0.00227342354752567
"ENSG00000134057.14",17472.8061089352,-2.60645549650306,0.212636096398578,-12.2578223577683,1.52544308302801e-34,2.15819687386802e-31
"ENSG00000113368.11",20154.7547647907,-1.76673331352574,0.182385835350466,-9.68679015084068,3.43143581966393e-22,1.51712356176891e-19
"ENSG00000112984.11",20671.0292683518,-3.04175369053964,0.43430365645435,-7.00374874891103,2.492028489019e-12,2.43153234914764e-10
"ENSG00000158402.18",2847.65513677542,-2.51355274120036,0.703438247069591,-3.57323866262804,0.000352593123929106,0.00527324261876215
"ENSG00000164611.12",16721.8449489333,-2.46276611683998,0.390930058688881,-6.29976145886484,2.98104056077572e-10,1.98942272895542e-08
"ENSG00000072571.19",7186.34609246943,-2.47378829313646,0.631218232950404,-3.91906976700217,8.88913833608412e-05,0.0016375459528505
"ENSG00000214357.8",4591.54934156796,-1.83308614070755,0.340120237690721,-5.38952387294994,7.06445956107123e-08,2.93235745350748e-06
"ENSG00000112312.9",4251.64013254825,-1.60310755250036,0.233983526286871,-6.8513693162095,7.31464027660275e-12,6.54984371097315e-10
"ENSG00000278637.1",7989.97320754725,-1.83110308596963,0.298211407423568,-6.1402851815417,8.23734619485631e-10,5.02336094675979e-08
"ENSG00000274267.1",27339.8239491236,-2.61579392394471,0.2709400212381,-9.65451287702516,4.70389489398458e-22,2.01668802909375e-19
"ENSG00000278463.1",10531.0547754065,-2.20865829875229,0.263250539449779,-8.38994785487852,4.86357846472544e-17,9.82998687413365e-15
"ENSG00000276410.3",4374.01052342553,-2.14736607801686,0.3769170817392,-5.6971842934481,1.21802243777961e-08,5.78356201162732e-07
"ENSG00000278272.1",19774.7241877541,-1.80410799752171,0.153179178628003,-11.7777625763552,5.08242892224845e-32,5.53124649169009e-29
"ENSG00000158373.8",50610.6241577714,-1.56443869168834,0.127522659952303,-12.2679270670286,1.34656746211318e-34,2.11680405044193e-31
"ENSG00000277157.1",30768.9636380451,-1.50901248731895,0.157713512181933,-9.5680608873779,1.0892948637674e-21,4.53274815664153e-19
"ENSG00000277775.1",7470.33621583995,-1.85827907738737,0.258701391713628,-7.18310429286136,6.81460754035391e-13,7.53227089694743e-11
"ENSG00000278588.1",17090.8551557051,-1.86459673343417,0.499517077904045,-3.73279876887883,0.000189363877220661,0.00308654393423723
"ENSG00000124635.8",16103.7116240714,-2.56352706747016,0.432191866646809,-5.93145606223334,3.0025991782896e-09,1.64300068607758e-07
"ENSG00000196787.3",31719.5399301084,-2.11143822721852,0.23430143475182,-9.01163165925565,2.03013182142854e-19,5.98381354366063e-17
"ENSG00000276180.1",8282.88505513616,-1.51574582268567,0.236392482585441,-6.41198825828913,1.43633902232238e-10,1.01606622439085e-08
"ENSG00000274997.1",20049.3168388232,-2.41389873517462,0.351699250600527,-6.86353107393002,6.71789030694364e-12,6.05380331609163e-10
"ENSG00000185130.5",18893.3605677054,-1.88855498249598,0.358259268014662,-5.27147557957577,1.35331296614911e-07,5.18879995801562e-06
"ENSG00000196747.4",14615.3421357768,-1.85319470565967,0.190535982267583,-9.72621907738718,2.33096322643902e-22,1.09380899780102e-19
"ENSG00000278828.1",15703.4853967371,-1.71188046587155,0.188791282668938,-9.06758215565218,1.21687209229231e-19,3.83617983880251e-17
"ENSG00000276368.1",28963.5497681329,-1.91863501532237,0.248271899673872,-7.72795881387574,1.09284687576473e-14,1.51584290179603e-12
"ENSG00000273703.1",9233.91236529413,-1.97021227996496,0.221925205127939,-8.87782115073025,6.8182752780384e-19,1.85509535834014e-16
"ENSG00000275221.1",4381.37730309189,-2.14790290506301,0.327703981448048,-6.55439978352391,5.58661174172738e-11,4.22670496908872e-09
"ENSG00000276903.1",1648.11169780546,-2.87821578173967,0.65681393921406,-4.38208693497542,1.17547883958469e-05,0.000277587017665957
"ENSG00000233822.4",29610.9811762594,-1.80425923454295,0.240650025920945,-7.49744043300316,6.50760314090026e-14,8.07627800328569e-12
"ENSG00000275126.1",4155.18486052848,-2.69270916621263,0.763111389220861,-3.52859255443939,0.000417775825187097,0.00606224858948415
"ENSG00000197153.4",43302.2581323549,-1.64423467018387,0.286888252649538,-5.73127221138768,9.9680146790132e-09,4.86301626478203e-07
"ENSG00000278677.1",39997.0629159013,-1.51088382019223,0.299496024996512,-5.0447541673043,4.54104829348856e-07,1.54811448810304e-05
"ENSG00000274641.1",29680.3880589494,-2.30789112723031,0.25405919725054,-9.08406840691692,1.04590497342148e-19,3.44127059627142e-17
"ENSG00000204539.3",1053.48621641263,1.58559919001389,0.524287322341946,3.02429435625327,0.00249213833110172,0.0251848379345908
"ENSG00000137310.11",4046.25258213354,-1.65732245927697,0.386480768371377,-4.28824043757959,1.80094089044162e-05,0.000407675387487488
"ENSG00000237649.7",10449.8814886726,-2.45695658116479,0.229790749757357,-10.6921474591956,1.10775906930496e-26,7.12389786933028e-24
"ENSG00000124762.13",163792.022548087,2.28694678853083,0.089795293229938,25.4684483592549,4.41041980650015e-143,6.23986194223641e-139
"ENSG00000031691.6",1060.82202112609,-1.83659140605927,0.492716352798582,-3.72748214186033,0.000193402260004336,0.00313431291470944
"ENSG00000118402.5",1534.4820768591,1.70984349094403,0.560766330370282,3.04911938955928,0.00229513251265149,0.023598499119908
"ENSG00000112742.9",4872.75852834963,-3.31675612724648,0.622679742469319,-5.32658427925316,1.00076855700301e-07,3.97721166979736e-06
"ENSG00000080546.13",7433.95443275392,1.72071273933471,0.201131915734807,8.55514517946261,1.17720481687603e-17,2.48583488793463e-15
"ENSG00000203760.8",1848.73297530228,-2.13474622615701,0.513895427626366,-4.15404790818474,3.26644738800539e-05,0.000691821821040422
"ENSG00000120278.15",2267.57600732243,1.78840076846317,0.320542187940897,5.57929918664224,2.41489560575712e-08,1.09156367508792e-06
"ENSG00000112029.9",6194.73940772719,-1.92826385224561,0.300226782634243,-6.42269099154537,1.33886103558841e-10,9.56677067247715e-09
"ENSG00000106268.15",3594.04005570947,-2.37423601091662,0.430175647401633,-5.51922458943827,3.40498789015928e-08,1.50070729627589e-06
"ENSG00000157927.16",1142.06158168472,-2.23277239976585,0.527964744780112,-4.22901798243321,2.34713586819256e-05,0.000514841523460285
"ENSG00000011426.10",28737.2924919616,-2.56471069729404,0.467852458050556,-5.48187928301296,4.20831359349221e-08,1.82077127586323e-06
"ENSG00000132436.11",4791.09184593538,-1.88191898812091,0.284238024384771,-6.62092621912319,3.56955114007626e-11,2.80566719609994e-09
"ENSG00000128578.9",1433.2978193367,-2.39421858936128,0.379530317820686,-6.3083724196507,2.81985033717919e-10,1.89977345573386e-08
"ENSG00000196584.2",3801.08298825073,-2.51623507698212,0.352317254855909,-7.14195811389145,9.20106396973133e-13,9.78771827396683e-11
"ENSG00000146918.19",18904.359209584,-1.69194645497995,0.342933790987479,-4.93374085448967,8.06694560908062e-07,2.55894352810305e-05
"ENSG00000277586.2",803.255413753963,2.0271507812121,0.609914070032219,3.32366620285545,0.00088842465495573,0.0112528487182754
"ENSG00000184661.13",9795.32862048297,-2.41817979088744,0.564890661168065,-4.28079265089494,1.86228812650028e-05,0.000419548605314108
"ENSG00000171320.14",3688.06319021025,-2.53707148495707,0.643017774560034,-3.94556975768358,7.96104502079303e-05,0.00148985271103412
"ENSG00000168078.9",6033.84903890728,-3.02906678044385,0.62375952916039,-4.85614509893119,1.19693009036921e-06,3.64960493934129e-05
"ENSG00000147536.11",4249.29456311153,-3.05777780814925,0.565520104810714,-5.40701874634982,6.40824384663251e-08,2.69832839113562e-06
"ENSG00000029534.19",780.485619785994,1.9435902865312,0.685854125776449,2.83382458963978,0.00459945710484152,0.0397592674027469
"ENSG00000104738.16",36324.9978466297,-1.77152922935891,0.225432940894824,-7.8583423625983,3.8925018420816e-15,5.79695958544952e-13
"ENSG00000136982.5",1403.08348289824,-2.44355332741911,0.461778506056131,-5.29161339337454,1.21241979645866e-07,4.72543120669344e-06
"ENSG00000170961.6",616.374908262072,2.721505475003,0.701055014756845,3.88201413258121,0.00010359485519326,0.00187424553871387
"ENSG00000156802.12",19757.8607324485,-1.66869388036987,0.347715234340952,-4.79902436122091,1.5944040241244e-06,4.69950586110668e-05
"ENSG00000167656.4",1502.20616366371,3.58788665191979,0.443148074231463,8.0963606987171,5.66277542413367e-16,9.65264418080039e-14
"ENSG00000160957.12",10004.5451240933,-1.72749523339004,0.22264612067261,-7.75892806113714,8.56502138324759e-15,1.21177922530187e-12
"ENSG00000177076.5",3104.53404128955,1.77214248039566,0.358991868632632,4.93644183960376,7.95607490887856e-07,2.53519251826157e-05
"ENSG00000184434.7",1096.13240997014,-1.85499271656594,0.669465072750958,-2.77085809561868,0.00559087863492665,0.0459226866374067
"ENSG00000165304.7",8495.78018020634,-2.3552242152001,0.42347469563014,-5.56166457997088,2.67213509731209e-08,1.19259833933033e-06
"ENSG00000135045.6",1079.86834251213,-1.6040875120415,0.582135222537144,-2.75552388850538,0.00585982253158587,0.0472930799639914
"ENSG00000136943.10",1904.58901499374,-2.75886619333489,0.4676345506692,-5.89962009733213,3.64339494917167e-09,1.95252847503336e-07
"ENSG00000170835.14",765.613009744736,1.93211579959615,0.675796881748043,2.85901851840224,0.00424953976450885,0.0376235848487304
"ENSG00000214402.6",1602.89895280408,-1.50826992326262,0.38917627514753,-3.87554437302444,0.000106386589786393,0.00191480600177181
"ENSG00000054179.11",882.552661001063,-1.73969064422261,0.486555628812417,-3.57552259434105,0.000349528985467768,0.00524482467864152
"ENSG00000186193.8",9902.52011860857,-2.38428988845106,0.250319433201026,-9.52498916269233,1.65059143251089e-21,6.48682432976778e-19
"ENSG00000181544.13",2133.96610978189,-1.55721985660087,0.347842720694518,-4.47679299854731,7.57726531824893e-06,0.000187418093920605
"ENSG00000089472.16",383.28029480328,2.69008802072942,0.842826107293146,3.19174738116385,0.00141414955090292,0.0162661689806297
"ENSG00000131080.14",20536.163507503,1.64224284703858,0.14981322067524,10.9619353995372,5.82403319507908e-28,4.55688812631624e-25
"ENSG00000090889.11",9523.53535352958,-3.17811606679854,0.50650897487024,-6.27455035246459,3.50646144794428e-10,2.29413696001586e-08
"ENSG00000102384.13",4182.82959010355,-2.83378203741859,0.367204614331141,-7.71717436770311,1.18936894166236e-14,1.6337079404504e-12
